Title,Fellow,Date,Subject,Institute,Average Marks,Marks Obtained,Max Marks,Highest Marks,Topic Covered,Nature of Test
new title 1,fellow1,1-Mar-11,Chemistry,Brilliants - Delhi,65,85,96,71,abcd,All India Test Series
new title 2,fellow2,2-Mar-11,Hindi,IITians PACE - Mumbai,51,74,63,82,efgh,Class Test 
new title 3,fellow3,3-Mar-11,English,Brilliants - Delhi,85,95,52,93,ijkl,Surprise Test
new title 4,fellow5,4-Mar-11,Maths,TRS Chennai,65,65,41,96,mnop,Class Test 
new title 5,fellow5,5-Mar-11,Physics,IITians PACE - Mumbai,35,23,85,85,qrst,Class Test 
new title 6,fellow3,6-Mar-11,English,Brilliants - Delhi,53,95,74,74,uvwx,All India Test Series
new title 7,fellow7,7-Mar-11,English,IITians PACE - Mumbai,95,74,82,41,yzab,Surprise Test
new title 8,fellow5,8-Mar-11,Physics,TRS Chennai,26,95,93,84,cdef,Surprise Test
